Gene1, cttagcaacaacaaacaccagccaaccgtctccttacttagcttaggggcgt
Gene2, ttagggaactacgcagtttaccaagaacatggtttagccgagttgaagtgcattaagc
Gene3, cgacccgttagcagttgaagtgcattaagctttgagcacggcccgtacaactgggtcagaagttaagtt
Gene4, tcttattatttggacacgcatagatggcgtcatgacggcaatccagttggactacac
Gene5, ttgctaagaattgatcatgtatatccagttggactacacgcatcgttatattttgccg
Gene6, gcccacgccacctgccgggcagacgttcgaggcaagacaaaagaacatg
Gene7, cactagtttcatcgttatattttgccggcttcgagaacaattgccggcttcga
Gene8, gccaaaccgcgggcctactaggcttaggggcgtaggagacaacaaacaccagccaa
Gene9, gtaggaacgataggagctacatactgaccctcctatattctatattc
Gene10, gaactacggggcccgtacaactgggtcagaagttaagttagggcctactaggcttaggggcgtaggagac
